timestamp,log_level,message,service,source,response_time
2024-01-01 00:00:00,INFO,Log message 0,auth_service,server_4,169.86856612044932
2024-01-01 00:01:00,INFO,Log message 1,cache,server_8,144.4694279531526
2024-01-01 00:02:00,INFO,Log message 2,database,server_9,175.9075415240277
2024-01-01 00:03:00,INFO,Log message 3,worker,server_9,210.921194256321
2024-01-01 00:04:00,INFO,Log message 4,database,server_4,140.63386501106658
2024-01-01 00:05:00,WARN,Log message 5,cache,server_1,140.6345217220328
2024-01-01 00:06:00,ERROR,Log message 6,database,server_3,213.16851262029564
2024-01-01 00:07:00,INFO,Log message 7,worker,server_9,180.69738916611635
2024-01-01 00:08:00,INFO,Log message 8,auth_service,server_4,131.2210245626019
2024-01-01 00:09:00,INFO,Log message 9,worker,server_5,171.7024017434386
2024-01-01 00:10:00,INFO,Log message 10,auth_service,server_7,131.4632922875015
2024-01-01 00:11:00,INFO,Log message 11,api_gateway,server_5,131.37080985718973
2024-01-01 00:12:00,INFO,Log message 12,worker,server_4,159.67849086264135
2024-01-01 00:13:00,ERROR,Log message 13,worker,server_2,73.46879021368808
2024-01-01 00:14:00,INFO,Log message 14,cache,server_2,767.7272896000914
2024-01-01 00:15:00,INFO,Log message 15,database,server_4,127.50849883036108
2024-01-01 00:16:00,INFO,Log message 16,auth_service,server_9,109.48675518662304
2024-01-01 00:17:00,INFO,Log message 17,auth_service,server_8,162.56989330381094
2024-01-01 00:18:00,INFO,Log message 18,cache,server_3,113.67903697915156
2024-01-01 00:19:00,WARN,Log message 19,cache,server_9,93.50785194658832
2024-01-01 00:20:00,INFO,Log message 20,database,server_5,208.62595075686215
2024-01-01 00:21:00,WARN,Log message 21,database,server_3,140.9689479805386
2024-01-01 00:22:00,INFO,Log message 22,worker,server_5,152.70112818751696
2024-01-01 00:23:00,INFO,Log message 23,api_gateway,server_4,93.01007255146172
2024-01-01 00:24:00,INFO,Log message 24,database,server_8,128.2246910189927
2024-01-01 00:25:00,ERROR,Log message 25,cache,server_5,154.43690358839464
2024-01-01 00:26:00,INFO,Log message 26,database,server_8,103.96025690310788
2024-01-01 00:27:00,WARN,Log message 27,auth_service,server_9,165.02792073382687
2024-01-01 00:28:00,INFO,Log message 28,api_gateway,server_4,125.9744524032478
2024-01-01 00:29:00,WARN,Log message 29,worker,server_7,138.33225000826894
2024-01-01 00:30:00,INFO,Log message 30,auth_service,server_2,125.93173551082413
2024-01-01 00:31:00,WARN,Log message 31,auth_service,server_6,224.0911273803575
2024-01-01 00:32:00,INFO,Log message 32,api_gateway,server_8,149.46011101048265
2024-01-01 00:33:00,ERROR,Log message 33,worker,server_7,107.691562841764
2024-01-01 00:34:00,INFO,Log message 34,cache,server_7,182.90179648412757
2024-01-01 00:35:00,INFO,Log message 35,worker,server_8,101.1662540011591
2024-01-01 00:36:00,INFO,Log message 36,database,server_7,158.3545438001902
2024-01-01 00:37:00,ERROR,Log message 37,auth_service,server_5,71.61319504480898
2024-01-01 00:38:00,INFO,Log message 38,database,server_7,96.8725580440628
2024-01-01 00:39:00,WARN,Log message 39,cache,server_3,157.87444943476493
2024-01-01 00:40:00,INFO,Log message 40,database,server_5,179.53866319981643
2024-01-01 00:41:00,INFO,Log message 41,worker,server_7,156.8547312475988
2024-01-01 00:42:00,INFO,Log message 42,database,server_9,50.0
2024-01-01 00:43:00,DEBUG,Log message 43,cache,server_2,137.95585217642844
2024-01-01 00:44:00,WARN,Log message 44,cache,server_4,50.0
2024-01-01 00:45:00,ERROR,Log message 45,cache,server_7,121.20623166421166
2024-01-01 00:46:00,INFO,Log message 46,worker,server_1,131.5744491616085
2024-01-01 00:47:00,WARN,Log message 47,cache,server_2,192.28488904875664
2024-01-01 00:48:00,WARN,Log message 48,auth_service,server_9,163.74473158273847
2024-01-01 00:49:00,INFO,Log message 49,cache,server_7,79.47839378549064
2024-01-01 00:50:00,ERROR,Log message 50,database,server_7,162.9633587757918
2024-01-01 00:51:00,ERROR,Log message 51,database,server_6,134.59670878334734
2024-01-01 00:52:00,ERROR,Log message 52,database,server_3,122.92311998776164
2024-01-01 00:53:00,WARN,Log message 53,worker,server_3,174.46705155363472
2024-01-01 00:54:00,INFO,Log message 54,database,server_2,191.23998089983803
2024-01-01 00:55:00,INFO,Log message 55,worker,server_6,187.25120476464795
2024-01-01 00:56:00,DEBUG,Log message 56,worker,server_4,116.43129907109446
2024-01-01 00:57:00,INFO,Log message 57,cache,server_5,137.63150496595142
2024-01-01 00:58:00,WARN,Log message 58,auth_service,server_3,163.25053725614256
2024-01-01 00:59:00,WARN,Log message 59,cache,server_6,189.02180508489437
2024-01-01 01:00:00,WARN,Log message 60,cache,server_3,130.8330304861884
2024-01-01 01:01:00,DEBUG,Log message 61,worker,server_8,50.0
2024-01-01 01:02:00,INFO,Log message 62,worker,server_9,105.74660103975889
2024-01-01 01:03:00,INFO,Log message 63,database,server_4,102.15173503677318
2024-01-01 01:04:00,INFO,Log message 64,database,server_9,182.5010328957679
2024-01-01 01:05:00,INFO,Log message 65,cache,server_7,204.24960114283292
2024-01-01 01:06:00,INFO,Log message 66,api_gateway,server_3,147.11959513678664
2024-01-01 01:07:00,INFO,Log message 67,api_gateway,server_7,190.14131591568096
2024-01-01 01:08:00,ERROR,Log message 68,database,server_1,164.46544100190536
2024-01-01 01:09:00,ERROR,Log message 69,api_gateway,server_3,124.19520981579502
2024-01-01 01:10:00,INFO,Log message 70,database,server_6,164.45582422033655
2024-01-01 01:11:00,INFO,Log message 71,worker,server_4,211.52146265863877
2024-01-01 01:12:00,ERROR,Log message 72,cache,server_7,148.56695843560195
2024-01-01 01:13:00,INFO,Log message 73,auth_service,server_3,212.58574623256024
2024-01-01 01:14:00,INFO,Log message 74,cache,server_1,50.0
2024-01-01 01:15:00,INFO,Log message 75,database,server_9,182.87610017500896
2024-01-01 01:16:00,INFO,Log message 76,database,server_6,153.48188272952686
2024-01-01 01:17:00,INFO,Log message 77,cache,server_8,138.03970598136527
2024-01-01 01:18:00,DEBUG,Log message 78,database,server_3,153.6704310614201
2024-01-01 01:19:00,INFO,Log message 79,api_gateway,server_8,70.49724341596429
2024-01-01 01:20:00,INFO,Log message 80,api_gateway,server_2,141.2131244864995
2024-01-01 01:21:00,INFO,Log message 81,database,server_4,164.28450286046984
2024-01-01 01:22:00,INFO,Log message 82,database,server_3,209.11576178966064
2024-01-01 01:23:00,WARN,Log message 83,api_gateway,server_1,129.2691912690541
2024-01-01 01:24:00,WARN,Log message 84,database,server_7,117.6602558842725
2024-01-01 01:25:00,WARN,Log message 85,database,server_2,129.92971825661854
2024-01-01 01:26:00,INFO,Log message 86,cache,server_4,186.61608470808295
2024-01-01 01:27:00,ERROR,Log message 87,auth_service,server_9,163.15004438638738
2024-01-01 01:28:00,ERROR,Log message 88,api_gateway,server_6,128.80959184931845
2024-01-01 01:29:00,WARN,Log message 89,cache,server_8,170.53069732453423
2024-01-01 01:30:00,INFO,Log message 90,auth_service,server_2,153.8831019739216
2024-01-01 01:31:00,INFO,Log message 91,database,server_7,188.74579962131557
2024-01-01 01:32:00,INFO,Log message 92,database,server_6,121.9178762449059
2024-01-01 01:33:00,WARN,Log message 93,cache,server_9,136.8935141360893
2024-01-01 01:34:00,INFO,Log message 94,database,server_7,134.3156738747137
2024-01-01 01:35:00,INFO,Log message 95,worker,server_1,91.45940207471526
2024-01-01 01:36:00,ERROR,Log message 96,cache,server_8,161.84481108258305
2024-01-01 01:37:00,ERROR,Log message 97,auth_service,server_3,160.4422108871956
2024-01-01 01:38:00,ERROR,Log message 98,cache,server_2,30.040907653139687
2024-01-01 01:39:00,INFO,Log message 99,api_gateway,server_3,28.123302932998822
2024-01-01 01:40:00,WARN,Log message 100,cache,server_6,542.418376021606
2024-01-01 01:41:00,INFO,Log message 101,database,server_3,133.17418708938564
2024-01-01 01:42:00,INFO,Log message 102,database,server_5,534.9062333916401
2024-01-01 01:43:00,INFO,Log message 103,worker,server_6,117.90890923113524
2024-01-01 01:44:00,INFO,Log message 104,worker,server_8,143.54857153335962
2024-01-01 01:45:00,INFO,Log message 105,worker,server_7,166.16203427258154
2024-01-01 01:46:00,ERROR,Log message 106,auth_service,server_8,225.4474360484212
2024-01-01 01:47:00,INFO,Log message 107,worker,server_3,156.98311251327357
2024-01-01 01:48:00,WARN,Log message 108,auth_service,server_4,160.30201562891057
2024-01-01 01:49:00,INFO,Log message 109,worker,server_6,147.0221633693533
2024-01-01 01:50:00,INFO,Log message 110,auth_service,server_7,73.24915138803834
2024-01-01 01:51:00,INFO,Log message 111,cache,server_9,148.93944498203132
2024-01-01 01:52:00,INFO,Log message 112,cache,server_1,152.40920839764107
2024-01-01 01:53:00,INFO,Log message 113,database,server_8,248.52968449941145
2024-01-01 01:54:00,INFO,Log message 114,auth_service,server_8,142.3055614087551
2024-01-01 01:55:00,INFO,Log message 115,api_gateway,server_6,162.0618936933445
2024-01-01 01:56:00,INFO,Log message 116,database,server_4,148.61152921179027
2024-01-01 01:57:00,INFO,Log message 117,cache,server_3,103.25287849521872
2024-01-01 01:58:00,ERROR,Log message 118,auth_service,server_3,195.71291258060083
2024-01-01 01:59:00,INFO,Log message 119,worker,server_6,180.07732130747095
2024-01-01 02:00:00,WARN,Log message 120,api_gateway,server_8,181.64127788172183
2024-01-01 02:01:00,WARN,Log message 121,cache,server_7,113.62450180821044
2024-01-01 02:02:00,ERROR,Log message 122,database,server_1,206.11177243744396
2024-01-01 02:03:00,ERROR,Log message 123,auth_service,server_6,93.92595748830875
2024-01-01 02:04:00,INFO,Log message 124,api_gateway,server_7,173.47428375201082
2024-01-01 02:05:00,WARN,Log message 125,auth_service,server_7,237.61822503239915
2024-01-01 02:06:00,ERROR,Log message 126,worker,server_9,110.37854699477246
2024-01-01 02:07:00,INFO,Log message 127,database,server_5,127.34809081588912
2024-01-01 02:08:00,INFO,Log message 128,auth_service,server_1,153.98605460350564
2024-01-01 02:09:00,INFO,Log message 129,cache,server_2,129.86097383535204
2024-01-01 02:10:00,ERROR,Log message 130,database,server_4,87.9734627573547
2024-01-01 02:11:00,ERROR,Log message 131,cache,server_5,714.8823042943267
2024-01-01 02:12:00,INFO,Log message 132,auth_service,server_9,107.5078514509558
2024-01-01 02:13:00,INFO,Log message 133,database,server_1,168.94369722540728
2024-01-01 02:14:00,INFO,Log message 134,cache,server_3,113.22303063064788
2024-01-01 02:15:00,INFO,Log message 135,worker,server_5,211.9973762007016
2024-01-01 02:16:00,DEBUG,Log message 136,worker,server_3,118.66986830655053
2024-01-01 02:17:00,INFO,Log message 137,auth_service,server_4,137.117539351773
2024-01-01 02:18:00,INFO,Log message 138,database,server_3,182.5406886947868
2024-01-01 02:19:00,INFO,Log message 139,api_gateway,server_4,100.7654273426418
2024-01-01 02:20:00,WARN,Log message 140,database,server_1,159.09839738416517
2024-01-01 02:21:00,INFO,Log message 141,worker,server_8,202.28571017129713
2024-01-01 02:22:00,WARN,Log message 142,cache,server_4,85.7006706175509
2024-01-01 02:23:00,INFO,Log message 143,api_gateway,server_7,157.38535434129216
2024-01-01 02:24:00,INFO,Log message 144,auth_service,server_2,160.39531176993694
2024-01-01 02:25:00,INFO,Log message 145,api_gateway,server_2,181.2729148710924
2024-01-01 02:26:00,INFO,Log message 146,auth_service,server_6,100.52197156487672
2024-01-01 02:27:00,INFO,Log message 147,api_gateway,server_2,97.18173547662894
2024-01-01 02:28:00,ERROR,Log message 148,auth_service,server_6,170.8776626246759
2024-01-01 02:29:00,ERROR,Log message 149,auth_service,server_2,161.87938692932744
2024-01-01 02:30:00,DEBUG,Log message 150,api_gateway,server_4,160.01971401383506
2024-01-01 02:31:00,INFO,Log message 151,api_gateway,server_7,163.85792837987904
2024-01-01 02:32:00,DEBUG,Log message 152,auth_service,server_8,122.79901113686036
2024-01-01 02:33:00,INFO,Log message 153,worker,server_3,159.29014788644014
2024-01-01 02:34:00,INFO,Log message 154,api_gateway,server_9,50.0
2024-01-01 02:35:00,INFO,Log message 155,database,server_2,121.42594327894528
2024-01-01 02:36:00,INFO,Log message 156,cache,server_8,748.8630659015773
2024-01-01 02:37:00,WARN,Log message 157,auth_service,server_8,168.95331683647152
2024-01-01 02:38:00,INFO,Log message 158,auth_service,server_4,102.34786011189404
2024-01-01 02:39:00,INFO,Log message 159,cache,server_1,176.2621443453532
2024-01-01 02:40:00,WARN,Log message 160,worker,server_1,111.01273319090714
2024-01-01 02:41:00,INFO,Log message 161,cache,server_2,181.48338414969808
2024-01-01 02:42:00,INFO,Log message 162,api_gateway,server_9,196.34382316029615
2024-01-01 02:43:00,INFO,Log message 163,cache,server_2,117.17270726593158
2024-01-01 02:44:00,ERROR,Log message 164,auth_service,server_2,188.53504516977287
2024-01-01 02:45:00,ERROR,Log message 165,cache,server_6,166.51123707745992
2024-01-01 02:46:00,INFO,Log message 166,database,server_7,182.8824063997796
2024-01-01 02:47:00,INFO,Log message 167,api_gateway,server_7,225.8717193061579
2024-01-01 02:48:00,INFO,Log message 168,cache,server_9,140.18447535988517
2024-01-01 02:49:00,ERROR,Log message 169,auth_service,server_6,119.8505534257004
2024-01-01 02:50:00,INFO,Log message 170,api_gateway,server_8,114.41942281497909
2024-01-01 02:51:00,INFO,Log message 171,auth_service,server_6,117.36758860138248
2024-01-01 02:52:00,INFO,Log message 172,worker,server_2,146.91593162343582
2024-01-01 02:53:00,INFO,Log message 173,database,server_1,163.64607899266574
2024-01-01 02:54:00,INFO,Log message 174,worker,server_5,669.8550630241328
2024-01-01 02:55:00,ERROR,Log message 175,database,server_9,183.08732996144096
2024-01-01 02:56:00,INFO,Log message 176,cache,server_8,150.5200756751163
2024-01-01 02:57:00,INFO,Log message 177,api_gateway,server_4,208.14136308629267
2024-01-01 02:58:00,ERROR,Log message 178,cache,server_5,139.41372667048176
2024-01-01 02:59:00,ERROR,Log message 179,database,server_5,911.3772099216596
2024-01-01 03:00:00,INFO,Log message 180,database,server_6,175.02669391060024
2024-01-01 03:01:00,INFO,Log message 181,database,server_3,115.7136977433487
2024-01-01 03:02:00,INFO,Log message 182,auth_service,server_5,50.0
2024-01-01 03:03:00,ERROR,Log message 183,api_gateway,server_2,169.29889660972742
2024-01-01 03:04:00,INFO,Log message 184,cache,server_1,141.06148858696596
2024-01-01 03:05:00,ERROR,Log message 185,cache,server_1,178.56001976368367
2024-01-01 03:06:00,WARN,Log message 186,worker,server_7,168.9295049829418
2024-01-01 03:07:00,INFO,Log message 187,database,server_2,541.3042009192012
2024-01-01 03:08:00,INFO,Log message 188,database,server_4,116.1282512772638
2024-01-01 03:09:00,INFO,Log message 189,database,server_5,50.0
2024-01-01 03:10:00,INFO,Log message 190,cache,server_7,132.13940191731916
2024-01-01 03:11:00,INFO,Log message 191,worker,server_2,184.2559517729389
2024-01-01 03:12:00,WARN,Log message 192,auth_service,server_6,158.56374976520817
2024-01-01 03:13:00,DEBUG,Log message 193,api_gateway,server_1,100.17044885152048
2024-01-01 03:14:00,INFO,Log message 194,auth_service,server_7,156.92723703404727
2024-01-01 03:15:00,WARN,Log message 195,cache,server_9,165.41269518915348
2024-01-01 03:16:00,INFO,Log message 196,database,server_5,114.64570255195468
2024-01-01 03:17:00,INFO,Log message 197,api_gateway,server_5,156.14900423782112
2024-01-01 03:18:00,INFO,Log message 198,cache,server_4,152.32834873784
2024-01-01 03:19:00,WARN,Log message 199,cache,server_3,104.28118808677507
2024-01-01 03:20:00,ERROR,Log message 200,cache,server_9,164.31149441393134
2024-01-01 03:21:00,WARN,Log message 201,api_gateway,server_5,172.43138105472937
2024-01-01 03:22:00,INFO,Log message 202,api_gateway,server_8,193.3220497270111
2024-01-01 03:23:00,INFO,Log message 203,worker,server_9,555.3928219693189
2024-01-01 03:24:00,INFO,Log message 204,worker,server_5,94.89322528171635
2024-01-01 03:25:00,INFO,Log message 205,auth_service,server_9,112.48699840339508
2024-01-01 03:26:00,ERROR,Log message 206,api_gateway,server_2,521.1754366191241
2024-01-01 03:27:00,ERROR,Log message 207,api_gateway,server_9,170.55143803648835
2024-01-01 03:28:00,WARN,Log message 208,api_gateway,server_4,170.6019074522419
2024-01-01 03:29:00,INFO,Log message 209,worker,server_6,839.4241085356249
2024-01-01 03:30:00,INFO,Log message 210,cache,server_6,172.83562042772667
2024-01-01 03:31:00,INFO,Log message 211,database,server_6,195.42262560722395
2024-01-01 03:32:00,INFO,Log message 212,worker,server_2,188.16007053972808
2024-01-01 03:33:00,INFO,Log message 213,api_gateway,server_7,176.05565005223193
2024-01-01 03:34:00,WARN,Log message 214,worker,server_6,682.1694342188998
2024-01-01 03:35:00,WARN,Log message 215,auth_service,server_1,180.3587688197307
2024-01-01 03:36:00,INFO,Log message 216,api_gateway,server_2,119.08699141849712
2024-01-01 03:37:00,INFO,Log message 217,auth_service,server_7,140.52725573039965
2024-01-01 03:38:00,INFO,Log message 218,api_gateway,server_1,130.58545808683587
2024-01-01 03:39:00,INFO,Log message 219,worker,server_1,153.2749655754529
2024-01-01 03:40:00,ERROR,Log message 220,cache,server_1,242.5863426669403
2024-01-01 03:41:00,INFO,Log message 221,database,server_8,75.30939229633007
2024-01-01 03:42:00,INFO,Log message 222,auth_service,server_4,177.45040761498055
2024-01-01 03:43:00,INFO,Log message 223,worker,server_4,232.00401546834925
2024-01-01 03:44:00,ERROR,Log message 224,cache,server_2,131.12272536842266
2024-01-01 03:45:00,INFO,Log message 225,worker,server_1,571.6907703906176
2024-01-01 03:46:00,INFO,Log message 226,auth_service,server_9,152.57120076381852
2024-01-01 03:47:00,INFO,Log message 227,database,server_7,106.89020888282776
2024-01-01 03:48:00,WARN,Log message 228,worker,server_4,121.38785162960129
2024-01-01 03:49:00,DEBUG,Log message 229,api_gateway,server_6,177.18390995738704
2024-01-01 03:50:00,INFO,Log message 230,cache,server_2,120.78533473131452
2024-01-01 03:51:00,ERROR,Log message 231,worker,server_7,158.658343583279
2024-01-01 03:52:00,ERROR,Log message 232,cache,server_2,151.82287359615256
2024-01-01 03:53:00,ERROR,Log message 233,api_gateway,server_8,123.93598609576732
2024-01-01 03:54:00,WARN,Log message 234,database,server_8,235.75776357301305
2024-01-01 03:55:00,WARN,Log message 235,database,server_1,175.35676089272044
2024-01-01 03:56:00,INFO,Log message 236,api_gateway,server_8,68.99429653369572
2024-01-01 03:57:00,WARN,Log message 237,cache,server_2,157.4581725907771
2024-01-01 03:58:00,INFO,Log message 238,worker,server_6,123.52854140926448
2024-01-01 03:59:00,WARN,Log message 239,api_gateway,server_1,184.09733339184896
2024-01-01 04:00:00,INFO,Log message 240,auth_service,server_5,118.29917046269198
2024-01-01 04:01:00,WARN,Log message 241,cache,server_7,145.41054234132403
2024-01-01 04:02:00,ERROR,Log message 242,database,server_1,170.1994911592183
2024-01-01 04:03:00,INFO,Log message 243,api_gateway,server_2,184.6302077668049
2024-01-01 04:04:00,ERROR,Log message 244,database,server_7,101.98814371776896
2024-01-01 04:05:00,INFO,Log message 245,cache,server_6,136.61995056636206
2024-01-01 04:06:00,ERROR,Log message 246,database,server_3,131.00218755356175
2024-01-01 04:07:00,INFO,Log message 247,api_gateway,server_2,123.86683069705153
2024-01-01 04:08:00,INFO,Log message 248,cache,server_4,699.7331921368326
2024-01-01 04:09:00,ERROR,Log message 249,auth_service,server_3,166.19926843843822
2024-01-01 04:10:00,INFO,Log message 250,api_gateway,server_7,99.5646418265982
2024-01-01 04:11:00,ERROR,Log message 251,worker,server_8,186.71447788219103
2024-01-01 04:12:00,INFO,Log message 252,api_gateway,server_2,234.88624788050532
2024-01-01 04:13:00,INFO,Log message 253,cache,server_7,191.29861042204587
2024-01-01 04:14:00,INFO,Log message 254,api_gateway,server_8,89.22520136183947
2024-01-01 04:15:00,INFO,Log message 255,auth_service,server_6,130.63063708534995
2024-01-01 04:16:00,INFO,Log message 256,auth_service,server_6,200.6764459674649
2024-01-01 04:17:00,INFO,Log message 257,worker,server_1,121.69322137524875
2024-01-01 04:18:00,INFO,Log message 258,database,server_4,802.822352623056
2024-01-01 04:19:00,INFO,Log message 259,cache,server_1,180.98536213717347
2024-01-01 04:20:00,DEBUG,Log message 260,cache,server_4,112.92278113687668
2024-01-01 04:21:00,DEBUG,Log message 261,database,server_2,147.618985757528
2024-01-01 04:22:00,INFO,Log message 262,auth_service,server_5,50.0
2024-01-01 04:23:00,WARN,Log message 263,auth_service,server_9,109.0244943466284
2024-01-01 04:24:00,INFO,Log message 264,api_gateway,server_3,139.8972739442736
2024-01-01 04:25:00,WARN,Log message 265,worker,server_8,100.08867272140604
2024-01-01 04:26:00,ERROR,Log message 266,worker,server_3,611.9186066559788
2024-01-01 04:27:00,ERROR,Log message 267,worker,server_6,92.79434488157467
2024-01-01 04:28:00,INFO,Log message 268,api_gateway,server_4,132.39822053212066
2024-01-01 04:29:00,WARN,Log message 269,worker,server_8,155.22962309144364
2024-01-01 04:30:00,INFO,Log message 270,database,server_6,207.65093156264464
2024-01-01 04:31:00,DEBUG,Log message 271,api_gateway,server_8,92.56551395282244
2024-01-01 04:32:00,INFO,Log message 272,database,server_1,196.52655008619837
2024-01-01 04:33:00,WARN,Log message 273,api_gateway,server_6,150.40932244078348
2024-01-01 04:34:00,WARN,Log message 274,worker,server_1,110.73965395808196
2024-01-01 04:35:00,WARN,Log message 275,database,server_1,168.48413897053084
2024-01-01 04:36:00,INFO,Log message 276,database,server_8,157.9623878229388
2024-01-01 04:37:00,ERROR,Log message 277,database,server_7,367.3539671358285
2024-01-01 04:38:00,INFO,Log message 278,api_gateway,server_3,152.79208339960076
2024-01-01 04:39:00,WARN,Log message 279,cache,server_6,791.642660704175
2024-01-01 04:40:00,INFO,Log message 280,worker,server_9,154.54069381004993
2024-01-01 04:41:00,INFO,Log message 281,database,server_7,176.48522698084184
2024-01-01 04:42:00,INFO,Log message 282,cache,server_3,213.4406726458141
2024-01-01 04:43:00,INFO,Log message 283,worker,server_6,100.48738004692603
2024-01-01 04:44:00,INFO,Log message 284,worker,server_4,235.32133498625063
2024-01-01 04:45:00,INFO,Log message 285,database,server_3,71.91648801909993
2024-01-01 04:46:00,INFO,Log message 286,database,server_9,143.92859619857666
2024-01-01 04:47:00,WARN,Log message 287,api_gateway,server_2,173.53268825938304
2024-01-01 04:48:00,ERROR,Log message 288,cache,server_1,161.2396747094013
2024-01-01 04:49:00,INFO,Log message 289,cache,server_2,125.09201920717624
2024-01-01 04:50:00,INFO,Log message 290,database,server_7,141.675109985709
2024-01-01 04:51:00,INFO,Log message 291,worker,server_1,130.2799626136467
2024-01-01 04:52:00,INFO,Log message 292,database,server_6,398.955622445616
2024-01-01 04:53:00,WARN,Log message 293,worker,server_7,183.984083880841
2024-01-01 04:54:00,WARN,Log message 294,worker,server_9,50.0
2024-01-01 04:55:00,INFO,Log message 295,database,server_8,122.28361618957383
2024-01-01 04:56:00,INFO,Log message 296,auth_service,server_6,185.98399501733
2024-01-01 04:57:00,INFO,Log message 297,cache,server_3,162.29198083506438
2024-01-01 04:58:00,ERROR,Log message 298,worker,server_8,32.24793494188026
2024-01-01 04:59:00,DEBUG,Log message 299,worker,server_7,26.05599252272934
2024-01-01 05:00:00,INFO,Log message 300,auth_service,server_3,543.9101451987115
2024-01-01 05:01:00,INFO,Log message 301,api_gateway,server_9,127.5927583921212
2024-01-01 05:02:00,ERROR,Log message 302,auth_service,server_2,179.89174420493046
2024-01-01 05:03:00,ERROR,Log message 303,auth_service,server_3,174.4148106173386
2024-01-01 05:04:00,INFO,Log message 304,worker,server_2,149.16393624143407
2024-01-01 05:05:00,INFO,Log message 305,cache,server_1,154.69309533235128
2024-01-01 05:06:00,INFO,Log message 306,auth_service,server_4,201.106595831537
2024-01-01 05:07:00,INFO,Log message 307,api_gateway,server_5,126.3371444465668
2024-01-01 05:08:00,INFO,Log message 308,database,server_6,171.8838952468015
2024-01-01 05:09:00,INFO,Log message 309,auth_service,server_5,141.91229390264425
2024-01-01 05:10:00,INFO,Log message 310,auth_service,server_1,887.1820715312524
2024-01-01 05:11:00,INFO,Log message 311,api_gateway,server_3,193.95107407948765
2024-01-01 05:12:00,WARN,Log message 312,cache,server_1,183.0166539595212
2024-01-01 05:13:00,INFO,Log message 313,auth_service,server_5,182.54038544002557
2024-01-01 05:14:00,INFO,Log message 314,auth_service,server_5,202.21915228617317
2024-01-01 05:15:00,INFO,Log message 315,cache,server_6,150.84015366531037
2024-01-01 05:16:00,INFO,Log message 316,api_gateway,server_8,177.27811885179855
2024-01-01 05:17:00,DEBUG,Log message 317,auth_service,server_1,137.58932973626176
2024-01-01 05:18:00,INFO,Log message 318,cache,server_4,162.9666540995377
2024-01-01 05:19:00,INFO,Log message 319,auth_service,server_1,144.79427782529262
2024-01-01 05:20:00,WARN,Log message 320,database,server_9,153.87983859970873
2024-01-01 05:21:00,INFO,Log message 321,worker,server_7,173.80628101747655
2024-01-01 05:22:00,ERROR,Log message 322,database,server_7,117.2711726706611
2024-01-01 05:23:00,INFO,Log message 323,auth_service,server_5,233.6954910274184
2024-01-01 05:24:00,INFO,Log message 324,api_gateway,server_7,109.75930474001191
2024-01-01 05:25:00,INFO,Log message 325,worker,server_2,101.43245548849072
2024-01-01 05:26:00,INFO,Log message 326,database,server_4,196.3244349400027
2024-01-01 05:27:00,ERROR,Log message 327,cache,server_7,774.6147132763901
2024-01-01 05:28:00,ERROR,Log message 328,api_gateway,server_3,174.9647926820862
2024-01-01 05:29:00,INFO,Log message 329,database,server_2,175.1338203705712
2024-01-01 05:30:00,INFO,Log message 330,cache,server_2,149.5101290861234
2024-01-01 05:31:00,ERROR,Log message 331,auth_service,server_1,114.10982514056674
2024-01-01 05:32:00,ERROR,Log message 332,cache,server_5,649.3998195603374
2024-01-01 05:33:00,INFO,Log message 333,database,server_6,122.91353153951552
2024-01-01 05:34:00,INFO,Log message 334,database,server_6,189.00478933671005
2024-01-01 05:35:00,INFO,Log message 335,auth_service,server_9,144.11770473991444
2024-01-01 05:36:00,ERROR,Log message 336,cache,server_4,116.98011212829954
2024-01-01 05:37:00,INFO,Log message 337,cache,server_1,137.14456633388025
2024-01-01 05:38:00,INFO,Log message 338,auth_service,server_6,166.517258171025
2024-01-01 05:39:00,WARN,Log message 339,cache,server_5,127.451017887841
2024-01-01 05:40:00,INFO,Log message 340,auth_service,server_6,117.11118417734274
2024-01-01 05:41:00,INFO,Log message 341,api_gateway,server_3,159.7474884596765
2024-01-01 05:42:00,INFO,Log message 342,database,server_2,637.7044803003585
2024-01-01 05:43:00,INFO,Log message 343,api_gateway,server_6,129.7222729851548
2024-01-01 05:44:00,INFO,Log message 344,worker,server_1,131.1584677752671
2024-01-01 05:45:00,INFO,Log message 345,worker,server_7,50.0
2024-01-01 05:46:00,INFO,Log message 346,worker,server_7,92.07662634010704
2024-01-01 05:47:00,INFO,Log message 347,auth_service,server_7,93.7014490249378
2024-01-01 05:48:00,ERROR,Log message 348,cache,server_1,50.0
2024-01-01 05:49:00,WARN,Log message 349,api_gateway,server_4,141.46211393152612
2024-01-01 05:50:00,INFO,Log message 350,api_gateway,server_7,162.43630262392017
2024-01-01 05:51:00,INFO,Log message 351,api_gateway,server_9,209.01424867798207
2024-01-01 05:52:00,INFO,Log message 352,api_gateway,server_5,184.30638492808075
2024-01-01 05:53:00,INFO,Log message 353,worker,server_2,143.60245880146292
2024-01-01 05:54:00,INFO,Log message 354,api_gateway,server_7,149.23935168389244
2024-01-01 05:55:00,WARN,Log message 355,cache,server_1,109.89882541448765
2024-01-01 05:56:00,INFO,Log message 356,worker,server_7,697.8249382356743
2024-01-01 05:57:00,INFO,Log message 357,api_gateway,server_6,648.8982439347421
2024-01-01 05:58:00,INFO,Log message 358,auth_service,server_7,162.90874241352358
2024-01-01 05:59:00,WARN,Log message 359,database,server_3,116.91076225790708
2024-01-01 06:00:00,INFO,Log message 360,database,server_3,170.7738605696469
2024-01-01 06:01:00,WARN,Log message 361,database,server_7,211.30955652010311
2024-01-01 06:02:00,INFO,Log message 362,worker,server_2,145.6495940617257
2024-01-01 06:03:00,ERROR,Log message 363,api_gateway,server_1,166.06846888395765
2024-01-01 06:04:00,ERROR,Log message 364,worker,server_9,177.6057596684445
2024-01-01 06:05:00,INFO,Log message 365,cache,server_9,133.95118112456657
2024-01-01 06:06:00,INFO,Log message 366,auth_service,server_7,158.96369927241668
2024-01-01 06:07:00,INFO,Log message 367,auth_service,server_7,150.5036960312718
2024-01-01 06:08:00,INFO,Log message 368,database,server_3,153.90704394195328
2024-01-01 06:09:00,WARN,Log message 369,database,server_2,119.07960864578132
2024-01-01 06:10:00,ERROR,Log message 370,database,server_7,150.9804069703577
2024-01-01 06:11:00,WARN,Log message 371,api_gateway,server_9,169.91993164981798
2024-01-01 06:12:00,ERROR,Log message 372,cache,server_1,208.04574431180168
2024-01-01 06:13:00,INFO,Log message 373,cache,server_4,188.37083304340828
2024-01-01 06:14:00,INFO,Log message 374,cache,server_6,236.12729830046223
2024-01-01 06:15:00,WARN,Log message 375,cache,server_7,119.30609748447802
2024-01-01 06:16:00,INFO,Log message 376,database,server_7,184.8928254688271
2024-01-01 06:17:00,WARN,Log message 377,auth_service,server_2,157.33368022953408
2024-01-01 06:18:00,INFO,Log message 378,database,server_4,237.59211732870688
2024-01-01 06:19:00,INFO,Log message 379,cache,server_5,299.42814990975825
2024-01-01 06:20:00,DEBUG,Log message 380,database,server_1,116.41112631276896
2024-01-01 06:21:00,INFO,Log message 381,cache,server_1,126.02429418223912
2024-01-01 06:22:00,DEBUG,Log message 382,worker,server_3,65.04417102760772
2024-01-01 06:23:00,DEBUG,Log message 383,auth_service,server_3,128.96979913276957
2024-01-01 06:24:00,WARN,Log message 384,worker,server_8,119.63469353785209
2024-01-01 06:25:00,WARN,Log message 385,api_gateway,server_9,156.01575145904832
2024-01-01 06:26:00,INFO,Log message 386,database,server_1,163.67023903108637
2024-01-01 06:27:00,ERROR,Log message 387,api_gateway,server_2,735.2086998104618
2024-01-01 06:28:00,INFO,Log message 388,database,server_2,188.016953527442
2024-01-01 06:29:00,INFO,Log message 389,worker,server_4,126.92385377350388
2024-01-01 06:30:00,WARN,Log message 390,cache,server_2,114.06341314606568
2024-01-01 06:31:00,INFO,Log message 391,cache,server_7,169.67676686026022
2024-01-01 06:32:00,INFO,Log message 392,database,server_9,97.19067171917432
2024-01-01 06:33:00,INFO,Log message 393,cache,server_7,223.25835063417415
2024-01-01 06:34:00,INFO,Log message 394,worker,server_6,197.17760482885149
2024-01-01 06:35:00,ERROR,Log message 395,cache,server_1,131.2329739158118
2024-01-01 06:36:00,INFO,Log message 396,worker,server_9,81.47461883636488
2024-01-01 06:37:00,ERROR,Log message 397,api_gateway,server_5,204.15489496661652
2024-01-01 06:38:00,WARN,Log message 398,worker,server_5,145.41840618989528
2024-01-01 06:39:00,ERROR,Log message 399,auth_service,server_6,199.5126524789385
2024-01-01 06:40:00,INFO,Log message 400,auth_service,server_9,86.22289364822532
2024-01-01 06:41:00,WARN,Log message 401,auth_service,server_8,126.02499908184907
2024-01-01 06:42:00,INFO,Log message 402,database,server_8,150.20974798872732
2024-01-01 06:43:00,ERROR,Log message 403,database,server_8,151.8792237505897
2024-01-01 06:44:00,INFO,Log message 404,database,server_1,131.99738114083024
2024-01-01 06:45:00,ERROR,Log message 405,worker,server_1,68.34428417717837
2024-01-01 06:46:00,DEBUG,Log message 406,database,server_8,107.29518282469624
2024-01-01 06:47:00,INFO,Log message 407,api_gateway,server_5,144.30482059914826
2024-01-01 06:48:00,INFO,Log message 408,auth_service,server_9,154.81182526847596
2024-01-01 06:49:00,WARN,Log message 409,worker,server_2,170.57755336234996
2024-01-01 06:50:00,INFO,Log message 410,auth_service,server_9,178.46459512355557
2024-01-01 06:51:00,ERROR,Log message 411,database,server_8,105.01431632648524
2024-01-01 06:52:00,INFO,Log message 412,worker,server_9,88.63543317057511
2024-01-01 06:53:00,INFO,Log message 413,cache,server_4,201.10707287594036
2024-01-01 06:54:00,DEBUG,Log message 414,api_gateway,server_1,163.29256047918366
2024-01-01 06:55:00,WARN,Log message 415,database,server_1,120.06053853773786
2024-01-01 06:56:00,ERROR,Log message 416,database,server_5,212.04607902090092
2024-01-01 06:57:00,INFO,Log message 417,api_gateway,server_2,154.62698537171434
2024-01-01 06:58:00,WARN,Log message 418,api_gateway,server_8,197.17188736255304
2024-01-01 06:59:00,INFO,Log message 419,cache,server_5,152.70073925640435
2024-01-01 07:00:00,WARN,Log message 420,database,server_5,875.0624925378596
2024-01-01 07:01:00,WARN,Log message 421,database,server_2,220.21363369772817
2024-01-01 07:02:00,INFO,Log message 422,auth_service,server_7,140.04143406083705
2024-01-01 07:03:00,INFO,Log message 423,worker,server_8,188.8628380381742
2024-01-01 07:04:00,INFO,Log message 424,worker,server_1,175.81503798340592
2024-01-01 07:05:00,WARN,Log message 425,auth_service,server_2,204.74526230129393
2024-01-01 07:06:00,INFO,Log message 426,worker,server_4,111.40306157679582
2024-01-01 07:07:00,WARN,Log message 427,api_gateway,server_5,177.44205839993757
2024-01-01 07:08:00,INFO,Log message 428,worker,server_2,192.33697947398352
2024-01-01 07:09:00,WARN,Log message 429,worker,server_1,732.4329234712458
2024-01-01 07:10:00,WARN,Log message 430,auth_service,server_9,102.669659493369
2024-01-01 07:11:00,INFO,Log message 431,cache,server_1,68.43071288959598
2024-01-01 07:12:00,INFO,Log message 432,worker,server_4,139.2237266222177
2024-01-01 07:13:00,INFO,Log message 433,worker,server_2,178.70169023183848
2024-01-01 07:14:00,WARN,Log message 434,cache,server_4,675.1782697794583
2024-01-01 07:15:00,ERROR,Log message 435,auth_service,server_8,152.963791216791
2024-01-01 07:16:00,INFO,Log message 436,cache,server_8,76.45423906709087
2024-01-01 07:17:00,WARN,Log message 437,auth_service,server_9,94.79594167140436
2024-01-01 07:18:00,INFO,Log message 438,api_gateway,server_5,81.86470242579381
2024-01-01 07:19:00,INFO,Log message 439,auth_service,server_7,147.77809204413524
2024-01-01 07:20:00,ERROR,Log message 440,api_gateway,server_3,165.3626179575723
2024-01-01 07:21:00,INFO,Log message 441,api_gateway,server_4,148.69221007623628
2024-01-01 07:22:00,INFO,Log message 442,auth_service,server_9,67.30231599840494
2024-01-01 07:23:00,INFO,Log message 443,database,server_1,146.43519841948847
2024-01-01 07:24:00,INFO,Log message 444,auth_service,server_2,97.82121997980587
2024-01-01 07:25:00,INFO,Log message 445,worker,server_5,176.78690195320155
2024-01-01 07:26:00,INFO,Log message 446,worker,server_3,164.66392984387394
2024-01-01 07:27:00,WARN,Log message 447,database,server_2,112.40480854690578
2024-01-01 07:28:00,INFO,Log message 448,api_gateway,server_1,129.44532330653226
2024-01-01 07:29:00,INFO,Log message 449,database,server_3,107.63145912444192
2024-01-01 07:30:00,INFO,Log message 450,worker,server_1,147.49283610907312
2024-01-01 07:31:00,INFO,Log message 451,database,server_1,188.2056928200495
2024-01-01 07:32:00,WARN,Log message 452,auth_service,server_1,110.57095814657823
2024-01-01 07:33:00,DEBUG,Log message 453,database,server_8,170.16186062071378
2024-01-01 07:34:00,INFO,Log message 454,api_gateway,server_3,128.78969526510238
2024-01-01 07:35:00,ERROR,Log message 455,auth_service,server_1,118.28508670950625
2024-01-01 07:36:00,INFO,Log message 456,cache,server_7,145.7187856018177
2024-01-01 07:37:00,INFO,Log message 457,worker,server_3,108.59030710322504
2024-01-01 07:38:00,INFO,Log message 458,worker,server_8,127.85402778611272
2024-01-01 07:39:00,INFO,Log message 459,database,server_4,465.9707293197923
2024-01-01 07:40:00,INFO,Log message 460,auth_service,server_4,228.58900531665557
2024-01-01 07:41:00,WARN,Log message 461,cache,server_5,151.41054207886916
2024-01-01 07:42:00,INFO,Log message 462,auth_service,server_6,122.0109796802966
2024-01-01 07:43:00,ERROR,Log message 463,worker,server_7,158.55919642936888
2024-01-01 07:44:00,INFO,Log message 464,auth_service,server_4,145.50687801236683
2024-01-01 07:45:00,INFO,Log message 465,cache,server_8,141.1612160186711
2024-01-01 07:46:00,WARN,Log message 466,database,server_6,174.566668001737
2024-01-01 07:47:00,INFO,Log message 467,api_gateway,server_1,580.133430841081
2024-01-01 07:48:00,INFO,Log message 468,auth_service,server_1,128.7799540955789
2024-01-01 07:49:00,WARN,Log message 469,api_gateway,server_9,126.9672703742128
2024-01-01 07:50:00,ERROR,Log message 470,worker,server_6,138.99793211393424
2024-01-01 07:51:00,WARN,Log message 471,database,server_8,57.9231534105766
2024-01-01 07:52:00,WARN,Log message 472,database,server_7,89.39235751205791
2024-01-01 07:53:00,WARN,Log message 473,auth_service,server_6,204.67497069778096
2024-01-01 07:54:00,ERROR,Log message 474,database,server_4,215.79870854005136
2024-01-01 07:55:00,INFO,Log message 475,auth_service,server_7,140.03855841774487
2024-01-01 07:56:00,INFO,Log message 476,auth_service,server_9,173.06227852223066
2024-01-01 07:57:00,INFO,Log message 477,api_gateway,server_7,162.45000618174146
2024-01-01 07:58:00,INFO,Log message 478,database,server_1,273.1552323382095
2024-01-01 07:59:00,WARN,Log message 479,auth_service,server_9,194.78299645738304
2024-01-01 08:00:00,WARN,Log message 480,api_gateway,server_4,144.88329634076933
2024-01-01 08:01:00,INFO,Log message 481,cache,server_3,111.77838237598296
2024-01-01 08:02:00,INFO,Log message 482,api_gateway,server_4,85.7421471896971
2024-01-01 08:03:00,WARN,Log message 483,api_gateway,server_4,158.13854543468892
2024-01-01 08:04:00,INFO,Log message 484,auth_service,server_2,119.74597018862788
2024-01-01 08:05:00,WARN,Log message 485,worker,server_1,50.0
2024-01-01 08:06:00,INFO,Log message 486,worker,server_1,124.13708463029892
2024-01-01 08:07:00,INFO,Log message 487,worker,server_8,50.0
2024-01-01 08:08:00,INFO,Log message 488,api_gateway,server_2,217.48566540290255
2024-01-01 08:09:00,INFO,Log message 489,auth_service,server_5,185.265590277978
2024-01-01 08:10:00,ERROR,Log message 490,database,server_4,700.334193140511
2024-01-01 08:11:00,ERROR,Log message 491,api_gateway,server_8,209.19776555560105
2024-01-01 08:12:00,WARN,Log message 492,api_gateway,server_2,153.09473230590473
2024-01-01 08:13:00,INFO,Log message 493,auth_service,server_9,115.54863194686943
2024-01-01 08:14:00,INFO,Log message 494,cache,server_7,210.9249630907863
2024-01-01 08:15:00,WARN,Log message 495,api_gateway,server_7,171.55640174738636
2024-01-01 08:16:00,WARN,Log message 496,cache,server_1,277.2769595163788
2024-01-01 08:17:00,INFO,Log message 497,cache,server_2,142.38645287665568
2024-01-01 08:18:00,INFO,Log message 498,worker,server_4,114.9752698646097
2024-01-01 08:19:00,WARN,Log message 499,auth_service,server_4,94.68801076142655
